SKU,Quantity
909953-007,1
943860,1
959664,1
952386,1
900395,1
902956,1
904752,1
950295,1
948870,1
908887,1
906498,1
903590,1
995761,1
942423,1
943477,1
941755,1
946633,1
901522,1
957625,1
948561,1
901467,1
900502,1
906433,1
942926,1
900397,1
948191,1
957028,1
906647,1
901516,1
942187,1
958271,1
904007,1
904008,1
956327,1
956328,1
901568-002,1
901137-004,1
901137-001,1
901137-010,1
901137-003,1
953826,1
950591,1
940814,1
900450-003,1
948221,1
949300,1
6650009407,1
949205,1
949204,1
900181,1
949202,1
943354,1
900042,1
905028-002,1
900099,1
904170,1
909178,1
900049-002,1
900103-002,1
905187-001,1
901213,1
038582,1
953993-002,1
953993-004,1
953993-001,1
903050-059,1
900128,1
900082,1
950115,1
950125,1
908087,1
901247,1
6650015019,1
9230110840,1
900329,1
902259,1
902257,1
902256,1
902260,1
946875,1
948565-001,1
948306,1
901527,1
900862-006,1
902042-005,1
901939-001,1
900862-003,1
900862-004,1
900862-005,1
900862-008,1
900862-009,1
906532,1
942411,1
907020-001,1
904464,1
900698,1
902517-001,1
902517-002,1
901954-001,1
900032-005,1